{
  "57 Lighting" : {
    "transaction" : "57 Lighting",
    "sampleCount" : 172,
    "errorCount" : 52,
    "errorPct" : 30.232557,
    "meanResTime" : 2503.6976744186054,
    "minResTime" : 57.0,
    "maxResTime" : 7081.0,
    "pct1ResTime" : 5043.200000000001,
    "pct2ResTime" : 5615.4,
    "pct3ResTime" : 6163.390000000013,
    "throughput" : 1.013720590315432,
    "receivedKBytesPerSec" : 12.772345319204112,
    "sentKBytesPerSec" : 0.742609269649677
  },
  "hp-9" : {
    "transaction" : "hp-9",
    "sampleCount" : 1574,
    "errorCount" : 1,
    "errorPct" : 0.063532405,
    "meanResTime" : 24.22109275730619,
    "minResTime" : 8.0,
    "maxResTime" : 1464.0,
    "pct1ResTime" : 44.0,
    "pct2ResTime" : 75.0,
    "pct3ResTime" : 175.0,
    "throughput" : 8.767239266537441,
    "receivedKBytesPerSec" : 2.676887207085645,
    "sentKBytesPerSec" : 3.9786876869443883
  },
  "70 oil" : {
    "transaction" : "70 oil",
    "sampleCount" : 154,
    "errorCount" : 34,
    "errorPct" : 22.077923,
    "meanResTime" : 2071.1558441558445,
    "minResTime" : 100.0,
    "maxResTime" : 5451.0,
    "pct1ResTime" : 4400.5,
    "pct2ResTime" : 4920.75,
    "pct3ResTime" : 5398.199999999999,
    "throughput" : 0.8979172983184458,
    "receivedKBytesPerSec" : 8.788253955354852,
    "sentKBytesPerSec" : 0.6428271567507055
  },
  "testuser002@dspart.com" : {
    "transaction" : "testuser002@dspart.com",
    "sampleCount" : 303,
    "errorCount" : 303,
    "errorPct" : 100.0,
    "meanResTime" : 11065.77557755776,
    "minResTime" : 487.0,
    "maxResTime" : 26646.0,
    "pct1ResTime" : 19173.8,
    "pct2ResTime" : 20546.0,
    "pct3ResTime" : 26231.879999999997,
    "throughput" : 1.6872984847725487,
    "receivedKBytesPerSec" : 129.08971064640795,
    "sentKBytesPerSec" : 10.373515130347984
  },
  "44 new season parts" : {
    "transaction" : "44 new season parts",
    "sampleCount" : 153,
    "errorCount" : 58,
    "errorPct" : 37.908497,
    "meanResTime" : 2952.8104575163397,
    "minResTime" : 39.0,
    "maxResTime" : 8747.0,
    "pct1ResTime" : 5919.2,
    "pct2ResTime" : 6685.299999999999,
    "pct3ResTime" : 7790.120000000014,
    "throughput" : 0.8686173655346254,
    "receivedKBytesPerSec" : 24.884801972627198,
    "sentKBytesPerSec" : 0.5925006972357529
  },
  "62 Lighting" : {
    "transaction" : "62 Lighting",
    "sampleCount" : 168,
    "errorCount" : 40,
    "errorPct" : 23.809525,
    "meanResTime" : 2175.7559523809523,
    "minResTime" : 71.0,
    "maxResTime" : 6131.0,
    "pct1ResTime" : 4753.5,
    "pct2ResTime" : 5071.749999999997,
    "pct3ResTime" : 5946.080000000001,
    "throughput" : 0.9968847352024922,
    "receivedKBytesPerSec" : 10.355184227117638,
    "sentKBytesPerSec" : 0.7378008641151165
  },
  "4 homepage" : {
    "transaction" : "4 homepage",
    "sampleCount" : 157,
    "errorCount" : 60,
    "errorPct" : 38.21656,
    "meanResTime" : 2958.1528662420383,
    "minResTime" : 113.0,
    "maxResTime" : 6807.0,
    "pct1ResTime" : 5297.600000000001,
    "pct2ResTime" : 6640.5,
    "pct3ResTime" : 6802.94,
    "throughput" : 0.8889341848983106,
    "receivedKBytesPerSec" : 26.690369440268718,
    "sentKBytesPerSec" : 0.5730675059167912
  },
  "testuser004@dspart.com" : {
    "transaction" : "testuser004@dspart.com",
    "sampleCount" : 157,
    "errorCount" : 157,
    "errorPct" : 100.0,
    "meanResTime" : 11523.630573248402,
    "minResTime" : 42.0,
    "maxResTime" : 28209.0,
    "pct1ResTime" : 19706.400000000016,
    "pct2ResTime" : 23817.8,
    "pct3ResTime" : 27535.619999999984,
    "throughput" : 0.8821215866951342,
    "receivedKBytesPerSec" : 68.30303527784021,
    "sentKBytesPerSec" : 5.4970405733790315
  },
  "Search With Test Scrip top variable" : {
    "transaction" : "Search With Test Scrip top variable",
    "sampleCount" : 1397,
    "errorCount" : 487,
    "errorPct" : 34.860416,
    "meanResTime" : 2566.007158196134,
    "minResTime" : 38.0,
    "maxResTime" : 9207.0,
    "pct1ResTime" : 4635.4,
    "pct2ResTime" : 5172.899999999998,
    "pct3ResTime" : 8695.119999999999,
    "throughput" : 7.885082124513179,
    "receivedKBytesPerSec" : 63.09878047920077,
    "sentKBytesPerSec" : 5.615683603671616
  },
  "awkward@duck.com" : {
    "transaction" : "awkward@duck.com",
    "sampleCount" : 157,
    "errorCount" : 157,
    "errorPct" : 100.0,
    "meanResTime" : 11472.598726114651,
    "minResTime" : 292.0,
    "maxResTime" : 28801.0,
    "pct1ResTime" : 19740.200000000004,
    "pct2ResTime" : 22213.1,
    "pct3ResTime" : 28110.219999999987,
    "throughput" : 0.9048678431869792,
    "receivedKBytesPerSec" : 68.88627838338444,
    "sentKBytesPerSec" : 5.672827056413035
  },
  "oil" : {
    "transaction" : "oil",
    "sampleCount" : 143,
    "errorCount" : 54,
    "errorPct" : 37.762238,
    "meanResTime" : 8514.986013986014,
    "minResTime" : 508.0,
    "maxResTime" : 19426.0,
    "pct1ResTime" : 14525.8,
    "pct2ResTime" : 16870.999999999985,
    "pct3ResTime" : 18906.800000000003,
    "throughput" : 0.8374179418258054,
    "receivedKBytesPerSec" : 36.14552543217793,
    "sentKBytesPerSec" : 2.497653683394529
  },
  "login-11" : {
    "transaction" : "login-11",
    "sampleCount" : 3113,
    "errorCount" : 432,
    "errorPct" : 13.877289,
    "meanResTime" : 1253.2881464824927,
    "minResTime" : 0.0,
    "maxResTime" : 13058.0,
    "pct1ResTime" : 3989.9999999999977,
    "pct2ResTime" : 4759.299999999997,
    "pct3ResTime" : 7003.600000000001,
    "throughput" : 16.61746729086707,
    "receivedKBytesPerSec" : 94.64052232521766,
    "sentKBytesPerSec" : 5.860631327302184
  },
  "25 homepage" : {
    "transaction" : "25 homepage",
    "sampleCount" : 154,
    "errorCount" : 42,
    "errorPct" : 27.272728,
    "meanResTime" : 2618.467532467533,
    "minResTime" : 64.0,
    "maxResTime" : 9280.0,
    "pct1ResTime" : 4752.0,
    "pct2ResTime" : 5550.75,
    "pct3ResTime" : 9184.299999999997,
    "throughput" : 0.8733475866684058,
    "receivedKBytesPerSec" : 15.46298077536536,
    "sentKBytesPerSec" : 0.6532384749309545
  },
  "Lighting" : {
    "transaction" : "Lighting",
    "sampleCount" : 329,
    "errorCount" : 89,
    "errorPct" : 27.051672,
    "meanResTime" : 3426.772036474166,
    "minResTime" : 65.0,
    "maxResTime" : 10762.0,
    "pct1ResTime" : 7837.0,
    "pct2ResTime" : 8966.5,
    "pct3ResTime" : 10558.5,
    "throughput" : 1.8938194712271834,
    "receivedKBytesPerSec" : 32.18905105037905,
    "sentKBytesPerSec" : 2.1265613487419626
  },
  "65 Lighting" : {
    "transaction" : "65 Lighting",
    "sampleCount" : 161,
    "errorCount" : 26,
    "errorPct" : 16.149069,
    "meanResTime" : 2135.677018633541,
    "minResTime" : 65.0,
    "maxResTime" : 5770.0,
    "pct1ResTime" : 4432.8,
    "pct2ResTime" : 4837.8,
    "pct3ResTime" : 5744.58,
    "throughput" : 0.9259845055760372,
    "receivedKBytesPerSec" : 9.72015816325797,
    "sentKBytesPerSec" : 0.6849681459173286
  },
  "login-15" : {
    "transaction" : "login-15",
    "sampleCount" : 2944,
    "errorCount" : 642,
    "errorPct" : 21.807066,
    "meanResTime" : 1526.8688858695646,
    "minResTime" : 0.0,
    "maxResTime" : 26319.0,
    "pct1ResTime" : 4577.0,
    "pct2ResTime" : 5307.5,
    "pct3ResTime" : 6512.300000000001,
    "throughput" : 15.383650690801161,
    "receivedKBytesPerSec" : 87.3704043613355,
    "sentKBytesPerSec" : 8.551719009638296
  },
  "login-16" : {
    "transaction" : "login-16",
    "sampleCount" : 1464,
    "errorCount" : 666,
    "errorPct" : 45.491802,
    "meanResTime" : 3214.8005464480902,
    "minResTime" : 53.0,
    "maxResTime" : 12228.0,
    "pct1ResTime" : 5903.5,
    "pct2ResTime" : 6391.0,
    "pct3ResTime" : 8804.699999999997,
    "throughput" : 8.248677338111255,
    "receivedKBytesPerSec" : 240.76388764170372,
    "sentKBytesPerSec" : 5.72887174405436
  },
  "login-17" : {
    "transaction" : "login-17",
    "sampleCount" : 1403,
    "errorCount" : 1403,
    "errorPct" : 100.0,